Name,Age,Salary,Experience
Ravi,-1.2247448713915892,-1.2247448713915892,-1.224744871391589
Neha,1.2247448713915892,0.0,1.224744871391589
Arjun,0.0,1.2247448713915892,0.0
